{
  "smart_home": {
    "use_case": "Predict energy consumption patterns for optimization",
    "description": "Smart Home Energy Management",
    "dataset_size": 10000,
    "features": 6,
    "classes": 3,
    "teacher_accuracy": 0.9940000176429749,
    "teacher_params": 11331,
    "student_accuracy": 0.9973333477973938,
    "student_params": 803,
    "quantized_accuracy": 0.984,
    "quantized_size_kb": 4.4765625,
    "parameter_reduction": 92.91324684493867,
    "training_time_seconds": 273.8319842815399,
    "student_inference_ms": 76.76998699916294,
    "quantized_inference_ms": 0.005532399576622993,
    "inference_speedup": 13876.435701346027
  },
  "industrial_maintenance": {
    "use_case": "Predict machine maintenance needs from sensor data",
    "description": "Industrial Predictive Maintenance",
    "dataset_size": 8000,
    "features": 4,
    "classes": 3,
    "teacher_accuracy": 0.9691666960716248,
    "teacher_params": 11075,
    "student_accuracy": 0.9866666793823242,
    "student_params": 739,
    "quantized_accuracy": 0.98,
    "quantized_size_kb": 4.4140625,
    "parameter_reduction": 93.3273137697517,
    "training_time_seconds": 135.90998601913452,
    "student_inference_ms": 88.30158399930224,
    "quantized_inference_ms": 0.0029346002847887576,
    "inference_speedup": 30089.816475860694
  },
  "healthcare": {
    "use_case": "Monitor patient vital signs for health alerts",
    "description": "Healthcare Patient Monitoring",
    "dataset_size": 6000,
    "features": 5,
    "classes": 3,
    "teacher_accuracy": 0.8955555558204651,
    "teacher_params": 11203,
    "student_accuracy": 0.8600000143051147,
    "student_params": 771,
    "quantized_accuracy": 0.844,
    "quantized_size_kb": 4.4453125,
    "parameter_reduction": 93.11791484423814,
    "training_time_seconds": 101.29047179222107,
    "student_inference_ms": 59.970927199872676,
    "quantized_inference_ms": 0.003950599813833833,
    "inference_speedup": 15180.208076219773
  },
  "agriculture": {
    "use_case": "Monitor crop health from environmental sensors",
    "description": "Agricultural Crop Monitoring",
    "dataset_size": 7000,
    "features": 5,
    "classes": 3,
    "teacher_accuracy": 0.961904764175415,
    "teacher_params": 11203,
    "student_accuracy": 0.9847618937492371,
    "student_params": 771,
    "quantized_accuracy": 0.97,
    "quantized_size_kb": 4.4453125,
    "parameter_reduction": 93.11791484423814,
    "training_time_seconds": 114.60560488700867,
    "student_inference_ms": 57.872383599577006,
    "quantized_inference_ms": 0.004517200228292495,
    "inference_speedup": 12811.560407950481
  }
}